Time,Sunny,Cloud am,Cloud pm
0:00,0.002493766,0,0.000780487
0:01,0.002493766,3.74E-05,0.000291986
0:02,0.002493766,0.000284059,0.00024407
0:03,0.002493766,0.000246001,0.00018285
0:04,0.002493766,5.46E-05,0.000250319
0:05,0.002493766,0.000427424,2.48E-05
0:06,0.002493766,0.000420851,0.000186228
0:07,0.002493766,8.34E-05,0.000193933
0:08,0.002493766,5.02E-05,0.000151256
0:09,0.002493766,0.000156664,0.000130459
0:10,0.002493766,0.000259007,0.000223644
0:11,0.002493766,0.000240534,6.49E-05
0:12,0.002493766,0.000332859,0.000223697
0:13,0.002493766,5.75E-05,5.45E-05
0:14,0.002493766,0.000201778,0.000285125
0:15,0.002493766,0.000354455,8.89E-05
0:16,0.002493766,0.000338435,0.000291844
0:17,0.002493766,0.00037293,0.000111274
0:18,0.002493766,0.000415773,0.000241534
0:19,0.002493766,0.000269598,5.89E-05
0:20,0.002493766,0.000436373,4.93E-05
0:21,0,0.000347025,0.000164404
0:22,0,0.000182582,9.42E-05
0:23,0,0.000201394,0.000185387
0:24,0,0.00041931,5.39E-05
0:25,0,0.000348041,0.000169384
0:26,0,0.00021899,1.94E-05
0:27,0,0.000235426,0.000198374
0:28,0,0.000215549,0.000167817
0:29,0,0.000147222,0.000309938
0:30,0,0.000258317,0.000257373
0:31,0.002493766,0.00045028,5.6E-05
0:32,0.002493766,0.000276291,0.000268201
0:33,0.002493766,0.000407702,0.000108491
0:34,0.002493766,0.000222735,0.000178869
0:35,0.002493766,0.000176829,0.000124284
0:36,0.014962594,0.000396677,0.000214527
0:37,0.014962594,0.000231317,6.14E-05
0:38,0.014962594,0.000275864,0.000162036
0:39,0.014962594,0.000323093,0.000172542
0:40,0.014962594,0.000301486,7.86E-05
0:41,0.012468828,0.000222322,5.35E-05
0:42,0.012468828,0.000220414,0.000273785
0:43,0.012468828,0.000417044,0.000288951
0:44,0.012468828,0.000398817,0.000189788
0:45,0.012468828,4.9313E-05,1.6E-05
0:46,0.002493766,0.000367627,3.97E-05
0:47,0.002493766,0.000250566,0.000169709
0:48,0.002493766,1.54E-05,0.000136375
0:49,0.002493766,0.000372221,2.82E-06
0:50,0.002493766,0.000139376,0.000163793
0:51,0.014962594,0.000376701,0.000112159
0:52,0.014962594,0.000232286,4.98E-06
0:53,0.014962594,0.000260101,0.000233918
0:54,0.014962594,0.000158456,0.000245682
0:55,0.014962594,2.25E-05,3.43E-05
0:56,0.002493766,1.78E-05,0.000100917
0:57,0.002493766,4.74E-05,0.000191339
0:58,0.002493766,0.000109083,7.55E-05
0:59,0.002493766,0.000311271,1.98E-05
1:00,0.002493766,0.000282765,8.62E-05
1:01,0.012468828,0.000306412,0.00020821
1:02,0.012468828,0.000357423,6.78E-06
1:03,0.012468828,2.55E-05,4.11E-05
1:04,0.012468828,0.000167164,4.52E-05
1:05,0.012468828,0.000181806,1.02E-06
1:06,0,0.000119804,0.000268227
1:07,0,8.45E-05,0.000108041
1:08,0,0.000141938,0.000180665
1:09,0,0.000249389,7.02E-06
1:10,0,0.000275427,0.000193838
1:11,0,0.000120117,8.36E-06
1:12,0,0.000211767,0.000206447
1:13,0,0.0002128,0.000173344
1:14,0,5.36E-05,3.5E-05
1:15,0,0.000296681,0.000174949
1:16,0.014962594,0.000422243,7.68E-05
1:17,0.014962594,0.000217331,5.57E-05
1:18,0.014962594,9.47E-05,0.000143282
1:19,0.014962594,5.53E-06,0.000184165
1:20,0.014962594,0.000250493,1.53E-05
1:21,0.002493766,0.000340552,0.000292168
1:22,0.002493766,0.000209838,0.000183619
1:23,0.002493766,0.000430557,8E-05
1:24,0.002493766,0.000258571,0.000189642
1:25,0.002493766,0.000319592,0.00027525
1:26,0.002493766,0.000323321,0.000121067
1:27,0.002493766,0.000167456,0.000169408
1:28,0.002493766,7.99E-05,5.75E-05
1:29,0.002493766,3.23E-05,0.000202835
1:30,0.002493766,0.000366699,6.79E-05
1:31,0,0.000255102,0.000236725
1:32,0,0.000239756,0.000193575
1:33,0,0.000156844,4.41E-05
1:34,0,7.12E-05,0.000265299
1:35,0,7.71E-05,1.77E-05
1:36,0.002493766,7.03E-05,0.000244363
1:37,0.002493766,0.000202032,5.08E-05
1:38,0.002493766,0.000254981,0.00015346
1:39,0.002493766,0.000179022,2.42E-05
1:40,0.002493766,0.00022516,4.18E-05
1:41,0,0.000391506,0.000127616
1:42,0,0.00041282,0.000183825
1:43,0,0.000305626,0.00019467
1:44,0,0.000297935,1.42E-05
1:45,0,6.32E-05,4.84E-05
1:46,0,0.00012901,0.000162938
1:47,0,1.62E-05,0.000128548
1:48,0,0.000341998,0.00013985
1:49,0,0.000245658,7.36E-06
1:50,0,0.000225477,0.000234806
1:51,0,0.000352765,0.000185174
1:52,0,0.00034952,0.000113631
1:53,0,0.000306368,0.000206472
1:54,0,0.000395627,7.89E-06
1:55,0,5.33E-05,0.00025966
1:56,0,3.9E-05,0.000182929
1:57,0,0.000243457,0.000175784
1:58,0,0.000240199,0.000207852
1:59,0,0.000449068,0.000122708
2:00,0,1.9E-05,0.000193245
2:01,0.012468828,0.000354007,4.46E-05
2:02,0.012468828,0.000425056,5.71E-05
2:03,0.012468828,0.000236455,0.00029049
2:04,0.012468828,0.000403098,0.000101355
2:05,0.012468828,0.000409641,0.00011284
2:06,0.012468828,0.000381958,9.76E-05
2:07,0.012468828,0.000195221,0.000294287
2:08,0.012468828,7.24E-06,0.000159278
2:09,0.012468828,0.000121492,0.000251213
2:10,0.012468828,0.000110259,0.000208416
2:11,0,0.000378057,0.000225265
2:12,0,0.000127911,4.42E-05
2:13,0,4.69E-05,0.000287476
2:14,0,0.000352026,1.47E-05
2:15,0,4E-06,0.000171533
2:16,0.024937656,0.000160328,0.000182136
2:17,0.024937656,0.000246264,0.000253343
2:18,0.024937656,0.000302384,7.87E-05
2:19,0.024937656,0.000173252,5.1E-05
2:20,0.024937656,0.000176591,2.37E-05
2:21,0.024937656,0.000185684,0.000269161
2:22,0.024937656,0.000310118,0.000190336
2:23,0.012468828,0.000264758,0.000104325
2:24,0.012468828,0.000412741,0.000245921
2:25,0.012468828,0.000193455,0.000281868
2:26,0,0.000309103,7.15E-05
2:27,0,0.000211963,0.000269454
2:28,0,0.000277052,0.000286959
2:29,0,0.000286343,6.47E-05
2:30,0,6.93E-05,9.29E-05
2:31,0.014962594,0.000384086,0.000147982
2:32,0.014962594,0.000299169,4.14E-06
2:33,0.014962594,0.000276575,0.000224288
2:34,0.014962594,0.000425355,0.000287337
2:35,0.014962594,0.000363869,0.000261274
2:36,0.014962594,0.000282117,1.98E-06
2:37,0.014962594,0.00010487,0.000244407
2:38,0.014962594,0.000434,4.8E-05
2:39,0.014962594,0.00022632,3.04E-05
2:40,0.014962594,1.46E-05,1.23E-05
2:41,0.014962594,0.000395367,9.33E-05
2:42,0.014962594,0.000185331,0.000225242
2:43,0.014962594,0.000361135,3.06E-05
2:44,0.014962594,0.000449093,0.000191725
2:45,0.014962594,0.000237606,0.00011249
2:46,0,0.000144053,4.99E-05
2:47,0,2.94E-05,2.77E-05
2:48,0,2.39E-06,3.18E-05
2:49,0,0.000263078,4.36E-05
2:50,0,0.000382299,0.00015355
2:51,0,0.000414632,0.000258742
2:52,0,0.000274884,7.05E-05
2:53,0,0.000304329,1.83E-05
2:54,0,6.07E-05,0.000111158
2:55,0,4.18E-05,0.000292012
2:56,0.012468828,0.000392314,2.16E-05
2:57,0.012468828,0.000124359,7E-05
2:58,0.012468828,0.000217507,0.000141579
2:59,0.012468828,0.000297999,8.28E-05
3:00,0.012468828,0.000236456,0.00010876
3:01,0.012468828,0.000107579,0.000286217
3:02,0.012468828,0.000211181,0.000122957
3:03,0.012468828,0.000153361,0.00026528
3:04,0.012468828,0.000176913,0.000168806
3:05,0.012468828,0.000433374,0.000120296
3:06,0.014962594,9.02E-05,0.00022481
3:07,0.014962594,0.000413788,1.51E-05
3:08,0.014962594,0.000385793,5.84E-05
3:09,0.014962594,0.000143329,0.000289496
3:10,0.014962594,0.000206882,6.17E-05
3:11,0,0.000286063,0.000288363
3:12,0,0.000455021,3.77E-05
3:13,0,0.00017419,0.000285537
3:14,0,5.35E-05,0.000229085
3:15,0,0.000353548,1.31E-05
3:16,0,0.000206975,0.000191322
3:17,0,0.000228886,9.36E-05
3:18,0,0.000380917,0.000262908
3:19,0,0.000368244,0.000127323
3:20,0,0.00023847,1.38E-06
3:21,0,0.000347086,5.49E-05
3:22,0,6.45E-05,0.000266158
3:23,0,0.000448437,0.000127987
3:24,0,0.000396341,1.49E-05
3:25,0,0.000401304,0.000203933
3:26,0.002493766,0.000455351,0.000191257
3:27,0.002493766,0.000301857,0.000284524
3:28,0.002493766,0.000129916,0.000112189
3:29,0.002493766,0.000183542,0.000211449
3:30,0.002493766,0.000215358,8.59E-05
3:31,0,1.66E-05,1.16E-05
3:32,0,0.000307446,0.000245196
3:33,0,1.63E-06,6.94E-05
3:34,0,8.31E-05,0.000304211
3:35,0,5.13E-05,6.24E-05
3:36,0,0.000443889,0.00027725
3:37,0,8.86E-06,0.000110808
3:38,0,0.000393757,0.000111649
3:39,0,6.35E-05,3.38E-05
3:40,0,0.000256767,9.76E-05
3:41,0,0.000431037,0.000153165
3:42,0,0.00017425,0.000258452
3:43,0,0.00038162,5.43E-05
3:44,0,0.000325574,0.000108888
3:45,0,0.000412615,0.000274077
3:46,0,4.65E-06,0.00015214
3:47,0,1.97E-05,0.000126855
3:48,0,0.000310549,0.000285176
3:49,0,0.000425521,7.31E-05
3:50,0,7.8E-05,0.000236257
3:51,0,7.37E-05,6.47E-05
3:52,0,0.000329277,0.000110443
3:53,0,0.000437654,0.00014617
3:54,0,0.00016929,0.000188277
3:55,0,2.36E-05,0.000250757
3:56,0,0.000116783,9.89E-07
3:57,0,8.37E-05,0.000239126
3:58,0,0.000362195,0.000255176
3:59,0,0.0001536,9.2E-05
4:00,0,0.000216503,0.000235528
4:01,0,7.82E-05,5.59E-05
4:02,0,0.000119326,0.00017805
4:03,0,0.000338551,0.00015976
4:04,0,0.000188376,3.4E-05
4:05,0,0.000302636,8.88E-05
4:06,0,3.97E-05,0.000117448
4:07,0,0.000146358,0.000203082
4:08,0,3.54E-05,8.25E-05
4:09,0,3.29E-05,4.51E-05
4:10,0,2.69E-05,0.000112638
4:11,0,0.000323375,0.000219349
4:12,0,2.34E-06,0.000283927
4:13,0,0.000236852,0.000226243
4:14,0,0.00015684,0.000145156
4:15,0,7.32E-05,0.000156687
4:16,0,0.000322013,0.000184907
4:17,0,0.000361786,0.000159218
4:18,0,0.000138147,3.91E-05
4:19,0,0.000367058,2.59E-05
4:20,0,0.000445997,7.53E-05
4:21,0,0.000185651,0.000216171
4:22,0,8.21E-05,0.000119653
4:23,0,0.000116349,0.000299635
4:24,0,0.00038967,0.000192526
4:25,0,0.000306745,0.000256488
4:26,0,0.000322353,0.000136097
4:27,0,0.000318751,0.000294417
4:28,0,0.000394194,2.47E-05
4:29,0,0.000434914,0.000236807
4:30,0,0.000390767,0.000249651
4:31,0,0.00023014,0.000142816
4:32,0,0.000437018,0.000180532
4:33,0,0.00029893,0.000184781
4:34,0,0.000266449,0.000236168
4:35,0,0.000159957,7.62E-05
4:36,0,0.000133154,0.000259684
4:37,0,0.000220641,0.000110693
4:38,0,0.000392445,1.69E-05
4:39,0,0.000347065,8.11E-05
4:40,0,0.000219447,0.000125325
4:41,0,0.000327603,0.000239018
4:42,0,0.000263721,0.000292773
4:43,0,0.000121465,0.000295035
4:44,0,6.38E-05,8.98E-05
4:45,0,0.00044794,1.14E-05
4:46,0.002493766,0.000177035,1.28E-05
4:47,0.002493766,0.000380181,0.000204078
4:48,0.002493766,0.000411564,0.000112983
4:49,0.002493766,8.06E-05,0.000244265
4:50,0.002493766,0.00042493,7.36E-05
4:51,0,0.000125382,6.21E-05
4:52,0,0.000422812,6.21E-05
4:53,0,5.29E-05,6.21E-05
4:54,0,0.000240308,6.21E-05
4:55,0,0.000246634,6.21E-05
4:56,0,0.000445708,6.21E-05
4:57,0,0.000335206,6.21E-05
4:58,0,7.77E-05,6.21E-05
4:59,0,0.00038104,6.21E-05
5:00,0,0.000381605,6.21E-05
5:01,0,0.000280199,6.21E-05
5:02,0,9.27E-05,6.21E-05
5:03,0,2.86E-05,6.21E-05
5:04,0,0.000320914,6.21E-05
5:05,0,0.000175258,6.21E-05
5:06,0.002493766,2.09E-05,6.21E-05
5:07,0.002493766,0.000385003,6.21E-05
5:08,0.002493766,8.84E-05,6.21E-05
5:09,0.002493766,0.000126242,6.21E-05
5:10,0.002493766,0.00043879,6.21E-05
5:11,0,0.000126772,6.21E-05
5:12,0,0.000227771,6.21E-05
5:13,0,0.000423368,6.21E-05
5:14,0,0.000189467,6.21E-05
5:15,0,0.000422831,0.000310543
5:16,0,3.49E-05,0.000310543
5:17,0,0.000271314,0.000310543
5:18,0,0.000364473,0.000310543
5:19,0,0.000378916,0.000310543
5:20,0,0.000276273,0.000310543
5:21,0,0.000352064,0.000310543
5:22,0,0.000124457,0.000310543
5:23,0,0.000294232,0.000310543
5:24,0,0.000132696,0.000310543
5:25,0,0.000275962,0.000310543
5:26,0,0.000344937,0.000310543
5:27,0,4.2E-05,0.000310543
5:28,0,0.000162031,0.000310543
5:29,0,3.12E-05,0.000310543
5:30,0,0.000146879,0.000310543
5:31,0.002493766,0.000433524,0.000310543
5:32,0.002493766,0.000289519,0.000310543
5:33,0.002493766,0.000280296,0.000310543
5:34,0.002493766,0.000291094,0.000310543
5:35,0.002493766,0.000417425,0.000310543
5:36,0,8.36E-06,0.000310543
5:37,0,5.03E-05,0.000310543
5:38,0,0.000352851,0.000310543
5:39,0,0.000322121,0.000310543
5:40,0,0.000442432,0.000310543
5:41,0,0.00020344,0.000310543
5:42,0,0.000206995,0.000310543
5:43,0,6.15E-05,0.000310543
5:44,0,0.000144612,0.000310543
5:45,0,3.89E-05,0.000310543
5:46,0,0.000122249,0.000310543
5:47,0,0.000338653,0.000310543
5:48,0,0.00023543,0.000310543
5:49,0,0.000262254,0.001552714
5:50,0,0.000156712,0.001552714
5:51,0,0.000274975,0.001552714
5:52,0,0.000397608,0.001552714
5:53,0,3.02E-05,0.001552714
5:54,0,0.00014807,0.001552714
5:55,0,7.4E-05,0.001552714
5:56,0,0.000107246,0.001552714
5:57,0,0.000168329,0.003105428
5:58,0,0.00044409,0.003105428
5:59,0,5.71E-05,0.003105428
6:00,0,0.000167191,0.003105428
6:01,0,0.000168792,0.003105428
6:02,0,0.000190107,0.003105428
6:03,0,9.03E-05,0.003105428
6:04,0,0.000264204,0.003105428
6:05,0,0.000346365,0.003105428
6:06,0,0.000448707,0.003105428
6:07,0,0.000422217,0.003105428
6:08,0,0.000216103,0.01552714
6:09,0,1.87E-06,0.01552714
6:10,0,0.000305696,0.01552714
6:11,0,4.06E-06,0.01552714
6:12,0,6.78E-05,0.01552714
6:13,0,0.000433881,0.01552714
6:14,0,0.000104155,0.01552714
6:15,0,3.18E-05,0.01552714
6:16,0.002493766,4.24E-05,0.01552714
6:17,0.002493766,0.000181322,0.03105428
6:18,0.002493766,0.000104129,0.03105428
6:19,0.002493766,0.000133075,0.03105428
6:20,0.002493766,5.46E-05,0.03105428
6:21,0.014962594,0.00010284,0.03105428
6:22,0.014962594,0.000313835,0.03105428
6:23,0.014962594,0.000176914,0.06210856
6:24,0.014962594,7.66E-05,0.06210856
6:25,0.014962594,0.000254116,0.06210856
6:26,0.014962594,2.57E-05,0.06210856
6:27,0.014962594,0.000423666,0.06210856
6:28,0.014962594,0.000185256,0.06210856
6:29,0.014962594,0.00030269,0.06210856
6:30,0.014962594,4.14E-05,0.06210856
6:31,0.014962594,0.000424625,0.06210856
6:32,0.014962594,0.000132175,0.06210856
6:33,0.014962594,6.39E-05,0.06210856
6:34,0.014962594,0.000447455,0.06210856
6:35,0.014962594,0.000320563,0.06210856
6:36,0.027431421,0.000292239,0.06210856
6:37,0.027431421,0.000203514,0.06210856
6:38,0.027431421,0.000365572,0.077635699
6:39,0.027431421,0.000452708,0.077635699
6:40,0.027431421,0.000129936,0.077635699
6:41,0.052369077,0.000225879,0.077635699
6:42,0.052369077,1.97E-05,0.077635699
6:43,0.052369077,0.00041852,0.077635699
6:44,0.052369077,0.000241266,0.077635699
6:45,0.052369077,4.03E-05,0.077635699
6:46,0.064837905,0.000239647,0.077635699
6:47,0.064837905,0.000204986,0.077635699
6:48,0.064837905,4.91E-05,0.077635699
6:49,0.064837905,0.000141906,0.077635699
6:50,0.064837905,0.000113634,0.077635699
6:51,0.089775561,0.000284612,0.077635699
6:52,0.089775561,2.28E-05,0.077635699
6:53,0.089775561,0.000420386,0.077635699
6:54,0.089775561,0.000176402,0.093162839
6:55,0.089775561,2.02E-06,0.093162839
6:56,0.089775561,9.9176E-05,0.093162839
6:57,0.089775561,9.01E-05,0.093162839
6:58,0.089775561,0.000438662,0.093162839
6:59,0.089775561,0.000392883,0.099425887
7:00,0.089775561,4.75E-05,0.099425887
7:01,0.089775561,0.000448786,0.192588727
7:02,0.089775561,5.41E-05,0.192588727
7:03,0.089775561,0.000129415,0.192588727
7:04,0.089775561,0.000433923,0.192588727
7:05,0.089775561,0.000270323,0.192588727
7:06,0.114713217,0.000174629,0.223643006
7:07,0.114713217,0.000114065,0.223643006
7:08,0.114713217,3.97E-05,0.223643006
7:09,0.114713217,0.000158891,0.223643006
7:10,0.114713217,0.000294071,0.223643006
7:11,0.152119701,0.000104392,0.192588727
7:12,0.152119701,0.000427871,0.192588727
7:13,0.152119701,0.000388423,0.192588727
7:14,0.152119701,0.000132535,0.192588727
7:15,0.152119701,0.000146714,0.192588727
7:16,0.164588529,0.041275797,0.186325679
7:17,0.164588529,0.041275797,0.186325679
7:18,0.164588529,0.041275797,0.186325679
7:19,0.164588529,0.041275797,0.186325679
7:20,0.164588529,0.041275797,0.186325679
7:21,0.177057357,0.041275797,0.186325679
7:22,0.177057357,0.041275797,0.186325679
7:23,0.177057357,0.041275797,0.186325679
7:24,0.177057357,0.041275797,0.186325679
7:25,0.177057357,0.041275797,0.186325679
7:26,0.21446384,0.132582864,0.186325679
7:27,0.21446384,0.132582864,0.186325679
7:28,0.21446384,0.132582864,0.186325679
7:29,0.21446384,0.132582864,0.186325679
7:30,0.21446384,0.132582864,0.186325679
7:31,0.239401496,0.086929331,0.155271399
7:32,0.239401496,0.086929331,0.155271399
7:33,0.239401496,0.086929331,0.155271399
7:34,0.239401496,0.086929331,0.155271399
7:35,0.239401496,0.086929331,0.155271399
7:36,0.239401496,0.178236398,0.155271399
7:37,0.239401496,0.178236398,0.155271399
7:38,0.239401496,0.178236398,0.155271399
7:39,0.239401496,0.178236398,0.155271399
7:40,0.239401496,0.178236398,0.155271399
7:41,0.27680798,0.223889931,0.155271399
7:42,0.27680798,0.223889931,0.155271399
7:43,0.27680798,0.223889931,0.155271399
7:44,0.27680798,0.223889931,0.155271399
7:45,0.27680798,0.223889931,0.155271399
7:46,0.301745636,0.228267667,0.155271399
7:47,0.301745636,0.228267667,0.155271399
7:48,0.301745636,0.228267667,0.155271399
7:49,0.301745636,0.228267667,0.155271399
7:50,0.301745636,0.228267667,0.155271399
7:51,0.314214464,0.182614134,0.155271399
7:52,0.314214464,0.182614134,0.155271399
7:53,0.314214464,0.182614134,0.155271399
7:54,0.314214464,0.182614134,0.186325679
7:55,0.314214464,0.182614134,0.186325679
7:56,0.314214464,0.182614134,0.186325679
7:57,0.314214464,0.182614134,0.186325679
7:58,0.314214464,0.182614134,0.186325679
7:59,0.314214464,0.182614134,0.186325679
8:00,0.314214464,0.182614134,0.186325679
8:01,0.33915212,0.182614134,0.186325679
8:02,0.33915212,0.182614134,0.186325679
8:03,0.33915212,0.182614134,0.186325679
8:04,0.33915212,0.182614134,0.186325679
8:05,0.33915212,0.182614134,0.186325679
8:06,0.389027431,0.182614134,0.186325679
8:07,0.389027431,0.182614134,0.186325679
8:08,0.389027431,0.182614134,0.186325679
8:09,0.389027431,0.182614134,0.217379958
8:10,0.389027431,0.182614134,0.217379958
8:11,0.413965087,0.1369606,0.217379958
8:12,0.413965087,0.1369606,0.217379958
8:13,0.413965087,0.1369606,0.217379958
8:14,0.413965087,0.1369606,0.217379958
8:15,0.413965087,0.1369606,0.217379958
8:16,0.426433915,0.132582864,0.217379958
8:17,0.426433915,0.132582864,0.217379958
8:18,0.426433915,0.132582864,0.217379958
8:19,0.426433915,0.132582864,0.217379958
8:20,0.426433915,0.132582864,0.217379958
8:21,0.476309227,0.041275797,0.217379958
8:22,0.476309227,0.041275797,0.217379958
8:23,0.476309227,0.041275797,0.248434238
8:24,0.476309227,0.041275797,0.248434238
8:25,0.476309227,0.041275797,0.248434238
8:26,0.488778055,0.132582864,0.248434238
8:27,0.488778055,0.132582864,0.248434238
8:28,0.488778055,0.132582864,0.248434238
8:29,0.488778055,0.132582864,0.248434238
8:30,0.488778055,0.132582864,0.248434238
8:31,0.526184539,0.269543465,0.248434238
8:32,0.526184539,0.269543465,0.310542798
8:33,0.526184539,0.269543465,0.310542798
8:34,0.526184539,0.269543465,0.310542798
8:35,0.526184539,0.269543465,0.310542798
8:36,0.538653367,0.223889931,0.285751566
8:37,0.538653367,0.223889931,0.285751566
8:38,0.538653367,0.223889931,0.285751566
8:39,0.538653367,0.223889931,0.285751566
8:40,0.538653367,0.223889931,0.285751566
8:41,0.538653367,0.360850532,0.310542798
8:42,0.538653367,0.360850532,0.310542798
8:43,0.538653367,0.360850532,0.310542798
8:44,0.538653367,0.360850532,0.310542798
8:45,0.538653367,0.360850532,0.310542798
8:46,0.538653367,0.315196998,0.285751566
8:47,0.538653367,0.315196998,0.285751566
8:48,0.538653367,0.315196998,0.285751566
8:49,0.538653367,0.315196998,0.285751566
8:50,0.538653367,0.315196998,0.285751566
8:51,0.57605985,0.178236398,0.409968685
8:52,0.57605985,0.178236398,0.409968685
8:53,0.57605985,0.178236398,0.409968685
8:54,0.57605985,0.178236398,0.409968685
8:55,0.57605985,0.178236398,0.409968685
8:56,0.600997506,0.497811132,0.441022965
8:57,0.600997506,0.497811132,0.441022965
8:58,0.600997506,0.497811132,0.441022965
8:59,0.600997506,0.497811132,0.441022965
9:00,0.600997506,0.497811132,0.441022965
9:01,0.588528678,0.497811132,0.409968685
9:02,0.588528678,0.497811132,0.409968685
9:03,0.588528678,0.497811132,0.409968685
9:04,0.588528678,0.497811132,0.409968685
9:05,0.588528678,0.497811132,0.409968685
9:06,0.600997506,0.543464665,0.378914405
9:07,0.600997506,0.543464665,0.378914405
9:08,0.600997506,0.543464665,0.378914405
9:09,0.600997506,0.543464665,0.378914405
9:10,0.600997506,0.543464665,0.378914405
9:11,0.625935162,0.406504065,0.409968685
9:12,0.625935162,0.406504065,0.409968685
9:13,0.625935162,0.406504065,0.409968685
9:14,0.625935162,0.406504065,0.409968685
9:15,0.625935162,0.406504065,0.409968685
9:16,0.688279302,0.452157598,0.441022965
9:17,0.688279302,0.452157598,0.441022965
9:18,0.688279302,0.452157598,0.441022965
9:19,0.688279302,0.452157598,0.441022965
9:20,0.688279302,0.452157598,0.441022965
9:21,0.675810474,0.497811132,0.465814196
9:22,0.675810474,0.497811132,0.465814196
9:23,0.675810474,0.497811132,0.465814196
9:24,0.675810474,0.497811132,0.465814196
9:25,0.675810474,0.497811132,0.465814196
9:26,0.713216958,0.452157598,0.465814196
9:27,0.713216958,0.452157598,0.503131524
9:28,0.713216958,0.452157598,0.503131524
9:29,0.713216958,0.452157598,0.503131524
9:30,0.713216958,0.452157598,0.503131524
9:31,0.70074813,0.360850532,0.527922756
9:32,0.70074813,0.360850532,0.527922756
9:33,0.70074813,0.360850532,0.527922756
9:34,0.70074813,0.360850532,0.527922756
9:35,0.70074813,0.360850532,0.527922756
9:36,0.70074813,0.178236398,0.558977035
9:37,0.70074813,0.178236398,0.558977035
9:38,0.70074813,0.178236398,0.558977035
9:39,0.70074813,0.178236398,0.558977035
9:40,0.70074813,0.178236398,0.590031315
9:41,0.713216958,0.360850532,0.590031315
9:42,0.713216958,0.360850532,0.590031315
9:43,0.713216958,0.360850532,0.590031315
9:44,0.713216958,0.360850532,0.621085595
9:45,0.713216958,0.360850532,0.621085595
9:46,0.713216958,0.315196998,0.621085595
9:47,0.713216958,0.315196998,0.621085595
9:48,0.713216958,0.315196998,0.621085595
9:49,0.713216958,0.315196998,0.621085595
9:50,0.713216958,0.315196998,0.627348643
9:51,0.725685786,0.360850532,0.652139875
9:52,0.725685786,0.360850532,0.652139875
9:53,0.725685786,0.360850532,0.652139875
9:54,0.725685786,0.360850532,0.683194154
9:55,0.725685786,0.360850532,0.683194154
9:56,0.738154613,0.589118199,0.720511482
9:57,0.738154613,0.589118199,0.720511482
9:58,0.738154613,0.589118199,0.720511482
9:59,0.738154613,0.589118199,0.720511482
10:00,0.738154613,0.589118199,0.720511482
10:01,0.750623441,0.543464665,0.720511482
10:02,0.750623441,0.543464665,0.720511482
10:03,0.750623441,0.543464665,0.720511482
10:04,0.750623441,0.543464665,0.720511482
10:05,0.750623441,0.543464665,0.720511482
10:06,0.725685786,0.406504065,0.714248434
10:07,0.725685786,0.406504065,0.714248434
10:08,0.725685786,0.406504065,0.714248434
10:09,0.725685786,0.406504065,0.714248434
10:10,0.725685786,0.406504065,0.714248434
10:11,0.750623441,0.178236398,0.714248434
10:12,0.750623441,0.178236398,0.720511482
10:13,0.750623441,0.178236398,0.720511482
10:14,0.750623441,0.178236398,0.720511482
10:15,0.750623441,0.178236398,0.720511482
10:16,0.788029925,0.045653533,0.689457203
10:17,0.788029925,0.045653533,0.689457203
10:18,0.788029925,0.045653533,0.689457203
10:19,0.788029925,0.045653533,0.689457203
10:20,0.788029925,0.045653533,0.689457203
10:21,0.763092269,0.045653533,0.720511482
10:22,0.763092269,0.086929331,0.720511482
10:23,0.763092269,0.086929331,0.720511482
10:24,0.763092269,0.086929331,0.720511482
10:25,0.763092269,0.086929331,0.720511482
10:26,0.738154613,0.269543465,0.751565762
10:27,0.738154613,0.269543465,0.751565762
10:28,0.738154613,0.269543465,0.751565762
10:29,0.738154613,0.269543465,0.751565762
10:30,0.738154613,0.269543465,0.751565762
10:31,0.763092269,0.223889931,0.720511482
10:32,0.763092269,0.223889931,0.720511482
10:33,0.763092269,0.223889931,0.720511482
10:34,0.763092269,0.223889931,0.720511482
10:35,0.763092269,0.223889931,0.720511482
10:36,0.788029925,0.086929331,0.720511482
10:37,0.788029925,0.086929331,0.720511482
10:38,0.788029925,0.086929331,0.720511482
10:39,0.788029925,0.086929331,0.720511482
10:40,0.788029925,0.086929331,0.720511482
10:41,0.800498753,0,0.714248434
10:42,0.800498753,0,0.714248434
10:43,0.800498753,0,0.714248434
10:44,0.800498753,0,0.714248434
10:45,0.800498753,0,0.714248434
10:46,0.788029925,0.041275797,0.683194154
10:47,0.788029925,0.041275797,0.683194154
10:48,0.788029925,0.041275797,0.683194154
10:49,0.788029925,0.041275797,0.683194154
10:50,0.788029925,0.041275797,0.683194154
10:51,0.788029925,0.086929331,0.683194154
10:52,0.788029925,0.086929331,0.683194154
10:53,0.788029925,0.086929331,0.683194154
10:54,0.788029925,0.086929331,0.683194154
10:55,0.788029925,0.086929331,0.714248434
10:56,0.788029925,0.223889931,0.751565762
10:57,0.788029925,0.223889931,0.751565762
10:58,0.788029925,0.223889931,0.751565762
10:59,0.788029925,0.223889931,0.751565762
11:00,0.788029925,0.223889931,0.751565762
11:01,0.788029925,0.406504065,0.720511482
11:02,0.788029925,0.406504065,0.720511482
11:03,0.788029925,0.406504065,0.720511482
11:04,0.788029925,0.406504065,0.720511482
11:05,0.788029925,0.406504065,0.720511482
11:06,0.800498753,0.360850532,0.782620042
11:07,0.800498753,0.360850532,0.782620042
11:08,0.800498753,0.360850532,0.782620042
11:09,0.800498753,0.360850532,0.782620042
11:10,0.800498753,0.360850532,0.782620042
11:11,0.788029925,0.086929331,0.807411273
11:12,0.788029925,0.086929331,0.807411273
11:13,0.788029925,0.086929331,0.807411273
11:14,0.788029925,0.086929331,0.807411273
11:15,0.788029925,0.086929331,0.807411273
11:16,0.763092269,0.132582864,0.838465553
11:17,0.763092269,0.132582864,0.838465553
11:18,0.763092269,0.132582864,0.838465553
11:19,0.763092269,0.132582864,0.875782881
11:20,0.763092269,0.132582864,0.875782881
11:21,0.763092269,0.041275797,0.906837161
11:22,0.763092269,0.041275797,0.906837161
11:23,0.763092269,0.041275797,0.906837161
11:24,0.763092269,0.041275797,0.906837161
11:25,0.763092269,0.041275797,0.906837161
11:26,0.763092269,0.041275797,0.900574113
11:27,0.763092269,0.041275797,0.900574113
11:28,0.763092269,0.041275797,0.900574113
11:29,0.763092269,0.041275797,0.900574113
11:30,0.763092269,0.041275797,0.900574113
11:31,0.788029925,0.452157598,0.900574113
11:32,0.788029925,0.452157598,0.875782881
11:33,0.788029925,0.452157598,0.875782881
11:34,0.788029925,0.452157598,0.875782881
11:35,0.788029925,0.452157598,0.875782881
11:36,0.800498753,0.315196998,0.844728601
11:37,0.800498753,0.315196998,0.844728601
11:38,0.800498753,0.315196998,0.844728601
11:39,0.800498753,0.315196998,0.844728601
11:40,0.800498753,0.315196998,0.844728601
11:41,0.825436409,0.452157598,0.937891441
11:42,0.825436409,0.452157598,0.937891441
11:43,0.825436409,0.452157598,0.937891441
11:44,0.825436409,0.452157598,0.937891441
11:45,0.825436409,0.452157598,0.937891441
11:46,0.850374065,0.543464665,0.962682672
11:47,0.850374065,0.543464665,0.962682672
11:48,0.850374065,0.543464665,0.962682672
11:49,0.850374065,0.543464665,0.962682672
11:50,0.850374065,0.543464665,0.962682672
11:51,0.837905237,0.543464665,0.962682672
11:52,0.837905237,0.543464665,0.962682672
11:53,0.837905237,0.543464665,0.962682672
11:54,0.837905237,0.543464665,0.962682672
11:55,0.837905237,0.543464665,0.962682672
11:56,0.812967581,0.406504065,1
11:57,0.812967581,0.406504065,1
11:58,0.812967581,0.406504065,1
11:59,0.812967581,0.406504065,1
12:00,0.812967581,0.406504065,1
12:01,0.862842893,0.269543465,0.96894572
12:02,0.862842893,0.269543465,0.96894572
12:03,0.862842893,0.269543465,0.96894572
12:04,0.862842893,0.269543465,0.96894572
12:05,0.862842893,0.269543465,0.96894572
12:06,0.837905237,0.178236398,1
12:07,0.837905237,0.178236398,1
12:08,0.837905237,0.178236398,1
12:09,0.837905237,0.178236398,1
12:10,0.837905237,0.178236398,1
12:11,0.850374065,0.132582864,0.906837161
12:12,0.850374065,0.132582864,0.906837161
12:13,0.850374065,0.132582864,0.906837161
12:14,0.850374065,0.132582864,0.906837161
12:15,0.850374065,0.132582864,0.906837161
12:16,0.887780549,0.360850532,0.875782881
12:17,0.887780549,0.360850532,0.875782881
12:18,0.887780549,0.360850532,0.875782881
12:19,0.887780549,0.360850532,0.875782881
12:20,0.887780549,0.360850532,0.875782881
12:21,0.850374065,0.589118199,0.875782881
12:22,0.850374065,0.589118199,0.875782881
12:23,0.850374065,0.589118199,0.875782881
12:24,0.850374065,0.589118199,0.875782881
12:25,0.850374065,0.589118199,0.875782881
12:26,0.850374065,0.680425266,0.906837161
12:27,0.850374065,0.680425266,0.906837161
12:28,0.850374065,0.680425266,0.906837161
12:29,0.850374065,0.680425266,0.906837161
12:30,0.850374065,0.680425266,0.906837161
12:31,0.825436409,0.634771732,0.937891441
12:32,0.825436409,0.634771732,0.937891441
12:33,0.825436409,0.634771732,0.937891441
12:34,0.825436409,0.634771732,0.937891441
12:35,0.825436409,0.634771732,0.937891441
12:36,0.812967581,0.543464665,0.96894572
12:37,0.812967581,0.593495935,0.96894572
12:38,0.812967581,0.639149468,0.96894572
12:39,0.812967581,0.639149468,0.96894572
12:40,0.812967581,0.639149468,0.96894572
12:41,0.825436409,0.639149468,0.906837161
12:42,0.825436409,0.730456535,0.906837161
12:43,0.825436409,0.730456535,0.906837161
12:44,0.825436409,0.730456535,0.906837161
12:45,0.825436409,0.730456535,0.906837161
12:46,0.800498753,0.821763602,0.869519833
12:47,0.800498753,0.821763602,0.869519833
12:48,0.800498753,0.821763602,0.869519833
12:49,0.800498753,0.821763602,0.869519833
12:50,0.800498753,0.821763602,0.869519833
12:51,0.812967581,0.867417136,0.869519833
12:52,0.812967581,0.867417136,0.838465553
12:53,0.812967581,0.867417136,0.838465553
12:54,0.812967581,0.867417136,0.838465553
12:55,0.812967581,0.867417136,0.838465553
12:56,0.850374065,0.867417136,0.838465553
12:57,0.850374065,0.913070669,0.813674322
12:58,0.850374065,0.913070669,0.813674322
12:59,0.850374065,0.913070669,0.813674322
13:00,0.850374065,0.913070669,0.813674322
13:01,0.887780549,0.913070669,0.813674322
13:02,0.887780549,0.913070669,0.813674322
13:03,0.887780549,0.913070669,0.813674322
13:04,0.887780549,0.913070669,0.813674322
13:05,0.887780549,0.913070669,0.813674322
13:06,0.862842893,1,0.776356994
13:07,0.862842893,1,0.776356994
13:08,0.862842893,1,0.776356994
13:09,0.862842893,1,0.776356994
13:10,0.862842893,1,0.776356994
13:11,0.862842893,0.954346467,0.776356994
13:12,0.862842893,0.954346467,0.745302714
13:13,0.862842893,0.954346467,0.745302714
13:14,0.862842893,0.954346467,0.745302714
13:15,0.862842893,0.954346467,0.745302714
13:16,0.925187032,0.913070669,0.745302714
13:17,0.925187032,0.913070669,0.745302714
13:18,0.925187032,0.913070669,0.745302714
13:19,0.925187032,0.913070669,0.714248434
13:20,0.925187032,0.913070669,0.714248434
13:21,0.975062344,0.913070669,0.720511482
13:22,0.975062344,0.913070669,0.720511482
13:23,0.975062344,0.913070669,0.720511482
13:24,0.975062344,0.913070669,0.720511482
13:25,0.975062344,0.913070669,0.720511482
13:26,0.962593516,0.913070669,0.683194154
13:27,0.962593516,0.913070669,0.683194154
13:28,0.962593516,0.913070669,0.683194154
13:29,0.962593516,0.913070669,0.683194154
13:30,0.962593516,0.913070669,0.683194154
13:31,0.900249377,0.913070669,0.658402923
13:32,0.900249377,0.913070669,0.658402923
13:33,0.900249377,0.913070669,0.658402923
13:34,0.900249377,0.913070669,0.658402923
13:35,0.900249377,0.913070669,0.658402923
13:36,0.925187032,0.913070669,0.689457203
13:37,0.925187032,0.913070669,0.689457203
13:38,0.925187032,0.913070669,0.689457203
13:39,0.925187032,0.913070669,0.689457203
13:40,0.925187032,0.867417136,0.689457203
13:41,0.975062344,0.867417136,0.596294363
13:42,0.975062344,0.867417136,0.596294363
13:43,0.975062344,0.867417136,0.596294363
13:44,0.975062344,0.867417136,0.596294363
13:45,0.975062344,0.867417136,0.596294363
13:46,1,0.890243902,0.465814196
13:47,1,0.890243902,0.465814196
13:48,1,0.908505316,0.465814196
13:49,1,0.890243902,0.465814196
13:50,1,0.890243902,0.465814196
13:51,1,0.890243902,0.465814196
13:52,1,0.821763602,0.465814196
13:53,1,0.821763602,0.465814196
13:54,1,0.821763602,0.434759916
13:55,1,0.821763602,0.434759916
13:56,0.987531172,0.821763602,0.434759916
13:57,0.987531172,0.776110069,0.434759916
13:58,0.987531172,0.776110069,0.434759916
13:59,0.987531172,0.776110069,0.434759916
14:00,0.987531172,0.776110069,0.434759916
14:01,0.987531172,0.776110069,0.434759916
14:02,0.987531172,0.776110069,0.434759916
14:03,0.987531172,0.798936836,0.434759916
14:04,0.987531172,0.798936836,0.434759916
14:05,0.987531172,0.798936836,0.434759916
14:06,0.875311721,0.798936836,0.403705637
14:07,0.875311721,0.776110069,0.403705637
14:08,0.875311721,0.776110069,0.403705637
14:09,0.875311721,0.776110069,0.403705637
14:10,0.875311721,0.776110069,0.310542798
14:11,0.812967581,0.753283302,0.310542798
14:12,0.812967581,0.753283302,0.310542798
14:13,0.812967581,0.753283302,0.310542798
14:14,0.812967581,0.753283302,0.310542798
14:15,0.812967581,0.753283302,0.310542798
14:16,0.812967581,0.753283302,0.310542798
14:17,0.812967581,0.753283302,0.310542798
14:18,0.812967581,0.753283302,0.155271399
14:19,0.812967581,0.753283302,0.155271399
14:20,0.812967581,0.753283302,0.155271399
14:21,0.750623441,0.730456535,0.155271399
14:22,0.750623441,0.730456535,0.155271399
14:23,0.750623441,0.730456535,0.155271399
14:24,0.750623441,0.730456535,0.155271399
14:25,0.750623441,0.730456535,0.155271399
14:26,0.725685786,0.730456535,0.155271399
14:27,0.725685786,0.730456535,0.155271399
14:28,0.725685786,0.730456535,0.155271399
14:29,0.725685786,0.730456535,0.155271399
14:30,0.725685786,0.730456535,0.155271399
14:31,0.875311721,0.730456535,0.155271399
14:32,0.875311721,0.730456535,0.06210856
14:33,0.875311721,0.730456535,0.06210856
14:34,0.875311721,0.730456535,0.06210856
14:35,0.875311721,0.730456535,0.06210856
14:36,0.738154613,0.707629769,0.06210856
14:37,0.738154613,0.707629769,0.06210856
14:38,0.738154613,0.707629769,0.06210856
14:39,0.738154613,0.707629769,0.06210856
14:40,0.738154613,0.707629769,0.06210856
14:41,0.750623441,0.707629769,0.06210856
14:42,0.750623441,0.707629769,0.06210856
14:43,0.750623441,0.707629769,0.06210856
14:44,0.750623441,0.684803002,0.06210856
14:45,0.750623441,0.684803002,0.03105428
14:46,0.775561097,0.684803002,0.03105428
14:47,0.775561097,0.684803002,0.03105428
14:48,0.775561097,0.684803002,0.03105428
14:49,0.775561097,0.684803002,0.03105428
14:50,0.775561097,0.684803002,0.03105428
14:51,0.812967581,0.684803002,0.03105428
14:52,0.812967581,0.707629769,0.03105428
14:53,0.812967581,0.707629769,0.03105428
14:54,0.812967581,0.707629769,0.03105428
14:55,0.812967581,0.707629769,0.03105428
14:56,0.825436409,0.707629769,0.03105428
14:57,0.825436409,0.707629769,0.03105428
14:58,0.825436409,0.707629769,0.03105428
14:59,0.825436409,0.707629769,0.03105428
15:00,0.825436409,0.707629769,0.03105428
15:01,0.750623441,0.707629769,0.03105428
15:02,0.750623441,0.684803002,0.03105428
15:03,0.750623441,0.684803002,0.03105428
15:04,0.750623441,0.684803002,0.03105428
15:05,0.750623441,0.684803002,0.03105428
15:06,0.70074813,0.684803002,0.03105428
15:07,0.70074813,0.684803002,0.03105428
15:08,0.70074813,0.639149468,0.06210856
15:09,0.70074813,0.639149468,0.06210856
15:10,0.70074813,0.639149468,0.06210856
15:11,0.763092269,0.639149468,0.06210856
15:12,0.763092269,0.639149468,0.06210856
15:13,0.763092269,0.639149468,0.06210856
15:14,0.763092269,0.639149468,0.06210856
15:15,0.763092269,0.593495935,0.06210856
15:16,0.713216958,0.593495935,0.06210856
15:17,0.713216958,0.593495935,0.06210856
15:18,0.713216958,0.593495935,0.06210856
15:19,0.713216958,0.593495935,0.06210856
15:20,0.713216958,0.547842402,0.06210856
15:21,0.725685786,0.547842402,0.06210856
15:22,0.725685786,0.547842402,0.093162839
15:23,0.725685786,0.547842402,0.093162839
15:24,0.725685786,0.502188868,0.093162839
15:25,0.725685786,0.502188868,0.093162839
15:26,0.725685786,0.502188868,0.093162839
15:27,0.725685786,0.502188868,0.093162839
15:28,0.725685786,0.456535335,0.093162839
15:29,0.725685786,0.456535335,0.093162839
15:30,0.725685786,0.456535335,0.093162839
15:31,0.725685786,0.456535335,0.124217119
15:32,0.725685786,0.456535335,0.124217119
15:33,0.725685786,0.410881801,0.124217119
15:34,0.725685786,0.410881801,0.124217119
15:35,0.725685786,0.410881801,0.124217119
15:36,0.725685786,0.410881801,0.124217119
15:37,0.725685786,0.410881801,0.124217119
15:38,0.725685786,0.365228268,0.124217119
15:39,0.725685786,0.365228268,0.124217119
15:40,0.725685786,0.365228268,0.155271399
15:41,0.688279302,0.365228268,0.155271399
15:42,0.688279302,0.365228268,0.155271399
15:43,0.688279302,0.365228268,0.155271399
15:44,0.688279302,0.273921201,0.155271399
15:45,0.688279302,0.273921201,0.155271399
15:46,0.625935162,0.273921201,0.155271399
15:47,0.625935162,0.273921201,0.155271399
15:48,0.625935162,0.273921201,0.310542798
15:49,0.625935162,0.273921201,0.316805846
15:50,0.625935162,0.273921201,0.316805846
15:51,0.688279302,0.273921201,0.503131524
15:52,0.688279302,0.273921201,0.372651357
15:53,0.688279302,0.273921201,0.372651357
15:54,0.688279302,0.251094434,0.372651357
15:55,0.688279302,0.251094434,0.372651357
15:56,0.70074813,0.251094434,0.372651357
15:57,0.70074813,0.228267667,0.441022965
15:58,0.70074813,0.228267667,0.441022965
15:59,0.70074813,0.228267667,0.441022965
16:00,0.70074813,0.228267667,0.441022965
16:01,0.688279302,0.228267667,0.441022965
16:02,0.688279302,0.251094434,0.441022965
16:03,0.688279302,0.251094434,0.441022965
16:04,0.688279302,0.251094434,0.441022965
16:05,0.688279302,0.228267667,0.441022965
16:06,0.713216958,0.228267667,0.472077244
16:07,0.713216958,0.228267667,0.472077244
16:08,0.713216958,0.228267667,0.472077244
16:09,0.713216958,0.228267667,0.472077244
16:10,0.713216958,0.228267667,0.472077244
16:11,0.70074813,0.228267667,0.496868476
16:12,0.70074813,0.228267667,0.496868476
16:13,0.70074813,0.228267667,0.496868476
16:14,0.70074813,0.228267667,0.496868476
16:15,0.70074813,0.228267667,0.496868476
16:16,0.650872818,0.228267667,0.496868476
16:17,0.650872818,0.228267667,0.496868476
16:18,0.650872818,0.228267667,0.527922756
16:19,0.650872818,0.228267667,0.527922756
16:20,0.650872818,0.228267667,0.527922756
16:21,0.663341646,0.205440901,0.527922756
16:22,0.663341646,0.205440901,0.527922756
16:23,0.663341646,0.205440901,0.527922756
16:24,0.663341646,0.205440901,0.527922756
16:25,0.663341646,0.205440901,0.527922756
16:26,0.650872818,0.182614134,0.496868476
16:27,0.650872818,0.182614134,0.496868476
16:28,0.650872818,0.182614134,0.496868476
16:29,0.650872818,0.182614134,0.496868476
16:30,0.650872818,0.182614134,0.496868476
16:31,0.625935162,0.182614134,0.496868476
16:32,0.625935162,0.182614134,0.465814196
16:33,0.625935162,0.182614134,0.465814196
16:34,0.625935162,0.182614134,0.465814196
16:35,0.625935162,0.182614134,0.465814196
16:36,0.613466334,0.182614134,0.465814196
16:37,0.613466334,0.182614134,0.465814196
16:38,0.613466334,0.182614134,0.465814196
16:39,0.613466334,0.182614134,0.465814196
16:40,0.613466334,0.182614134,0.465814196
16:41,0.600997506,0.182614134,0.472077244
16:42,0.600997506,0.182614134,0.472077244
16:43,0.600997506,0.182614134,0.472077244
16:44,0.600997506,0.182614134,0.472077244
16:45,0.600997506,0.1369606,0.472077244
16:46,0.588528678,0.1369606,0.496868476
16:47,0.588528678,0.1369606,0.496868476
16:48,0.588528678,0.1369606,0.496868476
16:49,0.588528678,0.1369606,0.403705637
16:50,0.588528678,0.1369606,0.403705637
16:51,0.600997506,0.132582864,0.403705637
16:52,0.600997506,0.132582864,0.316805846
16:53,0.600997506,0.132582864,0.316805846
16:54,0.600997506,0.132582864,0.316805846
16:55,0.600997506,0.132582864,0.316805846
16:56,0.538653367,0.132582864,0.316805846
16:57,0.538653367,0.132582864,0.316805846
16:58,0.538653367,0.132582864,0.316805846
16:59,0.538653367,0.132582864,0.316805846
17:00,0.538653367,0.132582864,0.316805846
17:01,0.57605985,0.1369606,0.285751566
17:02,0.57605985,0.1369606,0.285751566
17:03,0.57605985,0.1369606,0.285751566
17:04,0.57605985,0.1369606,0.285751566
17:05,0.57605985,0.1369606,0.285751566
17:06,0.588528678,0.1369606,0.316805846
17:07,0.588528678,0.1369606,0.316805846
17:08,0.588528678,0.1369606,0.316805846
17:09,0.588528678,0.1369606,0.316805846
17:10,0.588528678,0.1369606,0.316805846
17:11,0.563591022,0.1369606,0.254697286
17:12,0.563591022,0.1369606,0.254697286
17:13,0.563591022,0.1369606,0.254697286
17:14,0.563591022,0.1369606,0.254697286
17:15,0.563591022,0.1369606,0.254697286
17:16,0.538653367,0.114133834,0.130480167
17:17,0.538653367,0.114133834,0.130480167
17:18,0.538653367,0.114133834,0.130480167
17:19,0.538653367,0.114133834,0.130480167
17:20,0.538653367,0.114133834,0.130480167
17:21,0.513715711,0.114133834,0.130480167
17:22,0.513715711,0.114133834,0.130480167
17:23,0.513715711,0.114133834,0.130480167
17:24,0.513715711,0.114133834,0.130480167
17:25,0.513715711,0.114133834,0.130480167
17:26,0.476309227,0.114133834,0.192588727
17:27,0.476309227,0.114133834,0.192588727
17:28,0.476309227,0.114133834,0.192588727
17:29,0.476309227,0.114133834,0.192588727
17:30,0.476309227,0.114133834,0.192588727
17:31,0.463840399,0.114133834,0.161534447
17:32,0.463840399,0.114133834,0.161534447
17:33,0.463840399,0.114133834,0.161534447
17:34,0.463840399,0.114133834,0.161534447
17:35,0.463840399,0.114133834,0.161534447
17:36,0.451371571,0.1369606,0.192588727
17:37,0.451371571,0.1369606,0.192588727
17:38,0.451371571,0.1369606,0.192588727
17:39,0.451371571,0.1369606,0.192588727
17:40,0.451371571,0.1369606,0.192588727
17:41,0.413965087,0.1369606,0.161534447
17:42,0.413965087,0.1369606,0.161534447
17:43,0.413965087,0.1369606,0.161534447
17:44,0.413965087,0.1369606,0.161534447
17:45,0.413965087,0.1369606,0.161534447
17:46,0.401496259,0.1369606,0.161534447
17:47,0.401496259,0.1369606,0.161534447
17:48,0.401496259,0.1369606,0.161534447
17:49,0.401496259,0.1369606,0.161534447
17:50,0.401496259,0.1369606,0.161534447
17:51,0.376558603,0.091307067,0.155271399
17:52,0.376558603,0.091307067,0.155271399
17:53,0.376558603,0.091307067,0.155271399
17:54,0.376558603,0.091307067,0.155271399
17:55,0.376558603,0.091307067,0.155271399
17:56,0.351620948,0.091307067,0.155271399
17:57,0.351620948,0.091307067,0.186325679
17:58,0.351620948,0.091307067,0.186325679
17:59,0.351620948,0.091307067,0.186325679
18:00,0.351620948,0.091307067,0.186325679
18:01,0.326683292,0.091307067,0.186325679
18:02,0.326683292,0.0684803,0.186325679
18:03,0.326683292,0.0684803,0.124217119
18:04,0.326683292,0.0684803,0.124217119
18:05,0.326683292,0.0684803,0.124217119
18:06,0.27680798,0.0684803,0.124217119
18:07,0.27680798,0.0684803,0.124217119
18:08,0.27680798,0.0684803,0.124217119
18:09,0.27680798,0.0684803,0.124217119
18:10,0.27680798,0.0684803,0.124217119
18:11,0.251870324,0.0684803,0.124217119
18:12,0.251870324,0.0684803,0.124217119
18:13,0.251870324,0.0684803,0.124217119
18:14,0.251870324,0.0684803,0.124217119
18:15,0.251870324,0.0684803,0.099425887
18:16,0.226932668,0.0684803,0.093162839
18:17,0.226932668,0.0684803,0.093162839
18:18,0.226932668,0.063914947,0.093162839
18:19,0.226932668,0.063914947,0.093162839
18:20,0.226932668,0.063914947,0.093162839
18:21,0.21446384,0.063914947,0.124217119
18:22,0.21446384,0.063914947,0.124217119
18:23,0.21446384,0.05478424,0.124217119
18:24,0.21446384,0.05478424,0.124217119
18:25,0.21446384,0.05478424,0.124217119
18:26,0.177057357,0.05478424,0.124217119
18:27,0.177057357,0.052501563,0.124217119
18:28,0.177057357,0.0684803,0.124217119
18:29,0.177057357,0.050218887,0.124217119
18:30,0.177057357,0.050218887,0.124217119
18:31,0.177057357,0.050218887,0.124217119
18:32,0.177057357,0.050218887,0.124217119
18:33,0.177057357,0.045653533,0.124217119
18:34,0.177057357,0.045653533,0.124217119
18:35,0.177057357,0.045653533,0.124217119
18:36,0.164588529,0.045653533,0.06210856
18:37,0.164588529,0.045653533,0.06210856
18:38,0.164588529,0.045653533,0.06210856
18:39,0.164588529,0.006391495,0.06210856
18:40,0.164588529,0.006163227,0.06210856
18:41,0.152119701,0.005934959,0.06210856
18:42,0.152119701,0.005706692,0.03105428
18:43,0.152119701,0.005478424,0.03105428
18:44,0.152119701,0.005250156,0.03105428
18:45,0.152119701,0.005021889,0.03105428
18:46,0.127182045,0.004793621,0.03105428
18:47,0.127182045,0.004565353,0.01552714
18:48,0.127182045,0.004337086,0.01552714
18:49,0.127182045,0.004108818,0.01552714
18:50,0.127182045,0.00388055,0.01552714
18:51,0.164588529,0.003652283,0.01552714
18:52,0.164588529,0.003424015,0.01552714
18:53,0.164588529,0.003195747,0.01552714
18:54,0.164588529,0.00296748,0.01552714
18:55,0.164588529,0.002739212,0.01552714
18:56,0.239401496,0.002510944,0.01552714
18:57,0.239401496,0.002282677,0.01552714
18:58,0.239401496,0.002054409,0.01552714
18:59,0.239401496,0.001826141,0.01552714
19:00,0.239401496,0.001506567,0.01552714
19:01,0.139650873,0.001369606,0.01552714
19:02,0.139650873,0.001369606,0.01552714
19:03,0.139650873,0.001369606,0.01552714
19:04,0.139650873,0.001369606,0.01552714
19:05,0.139650873,0.001369606,0.01552714
19:06,0.077306733,0.001369606,0.01552714
19:07,0.077306733,0.001369606,0.001178201
19:08,0.077306733,0.001369606,0.000677036
19:09,0.077306733,0.001369606,0.000779523
19:10,0.077306733,0.001369606,0.00272065
19:11,0.014962594,0,0.002970124
19:12,0.014962594,0,0.002036371
19:13,0.014962594,0,0.000563865
19:14,0.014962594,0,0.001718362
19:15,0.014962594,0,0.001600885
19:16,0.027431421,0,0.00034832
19:17,0.027431421,0.000586719,0.000114372
19:18,0.027431421,8.38E-05,0.002264765
19:19,0.027431421,0.001958074,0.002393823
19:20,0.027431421,0.004320528,0.0028833
19:21,0.002493766,0.001664577,0.000613286
19:22,0.002493766,0.001798065,0.001224681
19:23,0.002493766,0.003015585,0.001667195
19:24,0.002493766,0.000189383,0.002225253
19:25,0.002493766,0.003220777,0.00044478
19:26,0,0.004366969,0.001323841
19:27,0,0.001240348,0.001685393
19:28,0,0.004374058,0.001197699
19:29,0,0.001361052,0.00238064
19:30,0,0.002103411,0.001101507
19:31,0,0.004157871,0.001614632
19:32,0,0.0010691,0.002027264
19:33,0,0.000678714,0.001882935
19:34,0,0.002942082,0.002782903
19:35,0,0.002865315,0.001874025
19:36,0,0.002224057,0.001489634
19:37,0,0.004078574,0.001368913
19:38,0,0.002797361,0.002475683
19:39,0,0.000787957,0.002712633
19:40,0,0.002311786,0.002876524
19:41,0,0.001701315,0.000640507
19:42,0,0.002066995,0.000256668
19:43,0,0.001652933,0.000345035
19:44,0,0.001970652,0.002963939
19:45,0,0.000223508,0.002774948
19:46,0.014962594,0.000285277,0.002018551
19:47,0.014962594,0.00019236,0.000596253
19:48,0.014962594,0.003605988,0.00217465
19:49,0.014962594,0.004170104,0.001929602
19:50,0.014962594,0.003861519,0.001056484
19:51,0,0.002582429,0.001593399
19:52,0,0.000177434,0.00250557
19:53,0,0.000119005,3.54E-05
19:54,0,0.001736364,0.000259768
19:55,0,0.000657411,0.000257352
19:56,0.014962594,0.002779653,0.000101585
19:57,0.014962594,0.003076958,0.002170311
19:58,0.014962594,0.001507463,0.000928756
19:59,0.014962594,0.000709644,0.000700067
20:00,0.014962594,0.004196758,0.001006699
20:01,0,0.000796819,0.002072385
20:02,0,0.003617101,0.000131992
20:03,0,0.000782145,0.000736508
20:04,0,0.002422765,0.00301777
20:05,0,0.003926453,0.001557876
20:06,0,0.000683136,0.002697425
20:07,0,0.001946273,0.001779499
20:08,0,0.001021862,0.002983611
20:09,0,0.003867167,2.83E-05
20:10,0,0.003473493,0.00067818
20:11,0,0.00275276,0.002609809
20:12,0,0.001711962,0.002062265
20:13,0,0.003378162,0.002192477
20:14,0,0.001016254,0.001628358
20:15,0,0.004555562,0.002428759
20:16,0,0.000711383,0.003048319
20:17,0,0.000205682,0.00044851
20:18,0,0.001536997,0.002881712
20:19,0,0.003913808,0.000888108
20:20,0,0.00284167,0.002154069
20:21,0,0.00436945,0.001904766
20:22,0,0.001472505,0.002958138
20:23,0,0.003576249,0.001179086
20:24,0,0.003299346,0.002059131
20:25,0,0.001449406,0.002286881
20:26,0,0,0.001923245
20:27,0,0,0.000475333
20:28,0,0,0.002754692
20:29,0,0,5.33E-06
20:30,0,0,0.002287354
20:31,0,9.13E-05,0.002767239
20:32,0,9.13E-05,0.003011294
20:33,0,9.13E-05,0.000242479
20:34,0,9.13E-05,0.001754881
20:35,0,9.13E-05,0.002025123
20:36,0,9.13E-05,0.001492103
20:37,0,9.13E-05,0.000909442
20:38,0,9.13E-05,0.000386871
20:39,0,9.13E-05,0.000627872
20:40,0,9.13E-05,0.001043156
20:41,0,9.13E-05,0.001652097
20:42,0,9.13E-05,0.00309135
20:43,0,9.13E-05,0.001162908
20:44,0,9.13E-05,0.000834666
20:45,0,9.13E-05,0.001704668
20:46,0.002493766,9.13E-05,0.000480113
20:47,0.002493766,9.13E-05,0.002247522
20:48,0.002493766,9.13E-05,0.00196819
20:49,0.002493766,9.13E-05,0.002272731
20:50,0.002493766,9.13E-05,0.000266095
20:51,0,9.13E-05,4.72E-05
20:52,0,9.13E-05,0.000299552
20:53,0,9.13E-05,0.003008963
20:54,0,9.13E-05,0.000860762
20:55,0,9.13E-05,0.002313836
20:56,0,9.13E-05,0.000341276
20:57,0,9.13E-05,0.002546526
20:58,0,9.13E-05,0.002817921
20:59,0,9.13E-05,0.002056168
21:00,0,9.13E-05,0.001676538
21:01,0,9.13E-05,0.001645888
21:02,0,9.13E-05,0.001862184
21:03,0,9.13E-05,0.001411774
21:04,0,9.13E-05,0.00277138
21:05,0,9.13E-05,0.002395527
21:06,0,9.13E-05,0.000433645
21:07,0,9.13E-05,0.000696192
21:08,0,9.13E-05,0.00303341
21:09,0,9.13E-05,0.001946266
21:10,0,9.13E-05,0.001329477
21:11,0,9.13E-05,0.001336954
21:12,0,9.13E-05,0.001094724
21:13,0,9.13E-05,0.001685594
21:14,0,9.13E-05,7.11E-05
21:15,0,9.13E-05,0.001543991
21:16,0,9.13E-05,0.002374249
21:17,0,9.13E-05,0.001498989
21:18,0,9.13E-05,0.000647072
21:19,0,9.13E-05,3.94E-05
21:20,0,9.13E-05,0.001204814
21:21,0,9.13E-05,0.001727961
21:22,0,9.13E-05,0.000930108
21:23,0,9.13E-05,0.001645973
21:24,0,9.13E-05,0.000991422
21:25,0,9.13E-05,0.002206856
21:26,0,0.00412758,0.002821302
21:27,0,0.00412758,0.00163972
21:28,0,0.00412758,0.000504446
21:29,0,0.00412758,0.002068329
21:30,0,0.00412758,0.003043914
21:31,0.002493766,0.009130707,0.001834305
21:32,0.002493766,0.009130707,0.001507608
21:33,0.002493766,0.009130707,0.000425515
21:34,0.002493766,0.009130707,0.000554807
21:35,0.002493766,0.009130707,0.002136113
21:36,0,4.57E-05,0.002315013
21:37,0,4.57E-05,0.002673592
21:38,0,4.57E-05,0.000408499
21:39,0,4.57E-05,0.000379306
21:40,0,4.57E-05,0.002550095
21:41,0,4.57E-05,0.001173535
21:42,0,4.57E-05,0.0024948
21:43,0,4.57E-05,0.000789127
21:44,0,4.57E-05,0.002373687
21:45,0,4.57E-05,0.001913885
21:46,0,4.57E-05,0.002157583
21:47,0,4.57E-05,0.001557733
21:48,0,4.57E-05,0.001366599
21:49,0,4.57E-05,0.002034824
21:50,0,4.57E-05,0.002525135
21:51,0,4.57E-05,0.002309754
21:52,0,4.57E-05,0.001592195
21:53,0,4.57E-05,0.001292953
21:54,0,4.57E-05,0.000298565
21:55,0,4.57E-05,0.000212849
21:56,0.002493766,4.57E-05,0.000595293
21:57,0.002493766,4.57E-05,0.001034781
21:58,0.002493766,4.57E-05,0.002434396
21:59,0.002493766,4.57E-05,0.002034837
22:00,0.002493766,4.57E-05,0.001068116
22:01,0.014962594,4.57E-05,0.001668832
22:02,0.014962594,4.57E-05,0.000553653
22:03,0.014962594,4.57E-05,0.000814041
22:04,0.014962594,4.57E-05,0.002137772
22:05,0.014962594,4.57E-05,0.002460326
22:06,0.012468828,4.57E-05,4.69E-05
22:07,0.012468828,4.57E-05,0.001005505
22:08,0.012468828,0.00412758,0.002131546
22:09,0.012468828,0.00412758,0.001348903
22:10,0.012468828,0.00412758,0.002967327
22:11,0.012468828,4.57E-05,0.000476095
22:12,0.012468828,4.57E-05,0.001352888
22:13,0.012468828,4.57E-05,0.000873552
22:14,0.012468828,4.57E-05,0.000802632
22:15,0.012468828,4.57E-05,0.002969318
22:16,0.012468828,4.57E-05,0.001035802
22:17,0.012468828,4.57E-05,0.002937608
22:18,0.012468828,4.57E-05,0.001253343
22:19,0.012468828,0,0.000539717
22:20,0.012468828,0,0.002155431
22:21,0.012468828,4.57E-05,0.001219741
22:22,0.012468828,4.57E-05,1.08E-06
22:23,0.012468828,0,0.001574869
22:24,0.012468828,0,0.002991821
22:25,0.012468828,4.57E-05,0.001397237
22:26,0.012468828,4.57E-05,0.000313122
22:27,0.012468828,0,0.001098767
22:28,0.012468828,4.57E-05,0.001611413
22:29,0.012468828,4.57E-05,0.003052767
22:30,0.012468828,0,0.001264355
22:31,0.012468828,4.57E-05,0.001737842
22:32,0.012468828,4.57E-05,0.002313348
22:33,0.012468828,0,0.001783613
22:34,0.012468828,0,0.001215576
22:35,0.012468828,0.000182614,0.002446006
22:36,0.014962594,0.000182614,0.00021945
22:37,0.014962594,9.13E-05,0.002458537
22:38,0.014962594,0,0.001852747
22:39,0.014962594,0,0.00017654
22:40,0.014962594,0,0.003097397
22:41,0.014962594,0.000182614,0.002653694
22:42,0.014962594,0.000182614,0.00102414
22:43,0.014962594,0.000182614,0.002435307
22:44,0.014962594,0.000182614,0.001275831
22:45,0.014962594,0.000182614,0.00089343
22:46,0.012468828,0.000182614,0.001099949
22:47,0.012468828,0.000182614,0.001504579
22:48,0.012468828,0.000182614,0.000300563
22:49,0.012468828,0.000182614,0.001130676
22:50,0.012468828,9.13E-05,0.001907446
22:51,0.002493766,9.13E-05,0.000966538
22:52,0.002493766,9.13E-05,0.000817354
22:53,0.002493766,9.13E-05,0.000595883
22:54,0.002493766,9.13E-05,0.002918144
22:55,0.002493766,9.13E-05,0.002590653
22:56,0,9.13E-05,0.002714406
22:57,0,9.13E-05,0.000862214
22:58,0,9.13E-05,0.00214831
22:59,0,9.13E-05,0.001403088
23:00,0,9.13E-05,0.000835841
23:01,0.002493766,9.13E-05,0.002316615
23:02,0.002493766,9.13E-05,0.000407432
23:03,0.002493766,9.13E-05,0.000793874
23:04,0.002493766,9.13E-05,0.001702262
23:05,0.002493766,9.13E-05,0.001530094
23:06,0.012468828,0,0.001312843
23:07,0.012468828,0,8.01E-05
23:08,0.012468828,0,0.002691377
23:09,0.012468828,0,0.002941788
23:10,0.012468828,0,0.003036835
23:11,0.012468828,0.004565353,0.002598935
23:12,0.012468828,0.004565353,0.000281871
23:13,0.012468828,0.004565353,0.002913911
23:14,0.012468828,0,0.000978514
23:15,0.012468828,0,0.002151985
23:16,0.012468828,0,0.001433144
23:17,0.012468828,0,0.001612334
23:18,0.012468828,0,0.001234447
23:19,0.012468828,0,0.002500069
23:20,0.012468828,0,0.000742452
23:21,0.012468828,0,0.001750159
23:22,0.012468828,0,0.000155211
23:23,0.012468828,0,0.002129233
23:24,0.012468828,0,0.001393956
23:25,0.012468828,0,0.0019682
23:26,0.012468828,0,0.000674444
23:27,0.014962594,0,0.002604751
23:28,0.014962594,0,0.000605238
23:29,0.014962594,0,0.001906544
23:30,0.014962594,0,0.001117989
23:31,0.014962594,0,0.001437392
23:32,0.014962594,0,9.3E-05
23:33,0.014962594,0,0.001895829
23:34,0.014962594,0,0.003067965
23:35,0.014962594,0,0.000560568
23:36,0.014962594,0,0.002044669
23:37,0.014962594,0,0.001273327
23:38,0.014962594,0,0.001810367
23:39,0.014962594,0,0.000153737
23:40,0.014962594,0,0.002712805
23:41,0.014962594,0,0.001577108
23:42,0.014962594,0,0.003010804
23:43,0.014962594,0,0.001692221
23:44,0.014962594,0,0.000232142
23:45,0.014962594,0,0.000300428
23:46,0.002493766,0,0.001746175
23:47,0.002493766,0,0.001062765
23:48,0.002493766,0,0.001766937
23:49,0.002493766,0,0.002317876
23:50,0.002493766,0,0.002789368
23:51,0.012468828,0,0.001990203
23:52,0.012468828,0,0.001909582
23:53,0.012468828,0,0.002832993
23:54,0.012468828,0,0.00091797
23:55,0.012468828,0,0.002366189
23:56,0.002493766,0,0.001041638
23:57,0.002493766,0,0.002246685
23:58,0.002493766,0,0.000900417
23:59,0.002493766,0,0.001159239
